population,cluster_count,modularity,intra_sim,inter_sim
10,2,0.20377951408337286,0.741788802368885,0.7301438076142753
20,2,0.35572862717645476,0.7677970437595311,0.7353538031086128
50,2,0.4420949203003238,0.7639275890705702,0.7361837944043336
100,2,0.41554217753766987,0.7715225179781307,0.7369964457292235
